cena,odpad,termin_h,czas_produkcji_h,ksztalt,material,x,y,z,lateness_h_sim
363.39341316624825,0.18581699080995057,90.498,30.309,trapez,bawelna,40.0,25.0,0.3,0.0
153.3191723392859,0.1924513443768755,53.538,16.651,trapez,poliester,40.0,25.0,0.3,0.0
427.702321560201,0.12335745539837578,59.278,11.397,trojkat,bawelna,35.0,30.0,0.3,0.0
381.44085275065663,0.15072818614991293,58.5,39.438,trapez,bawelna,40.0,25.0,0.3,39.295
383.40682526843216,0.10812804814244582,5.34,2.853,trojkat,wiskoza,35.0,30.0,0.3,95.308
393.99832763397694,0.176505666294946,55.686,30.321,trojkat,wiskoza,35.0,30.0,0.3,75.283
344.5928090896795,0.07032768000345441,71.561,33.405,kwadrat,bawelna,30.0,30.0,0.3,92.813
491.1659334239833,0.03559312972247409,48.278,34.12,trojkat,mikrofibra,35.0,30.0,0.3,150.216
80.92115497578244,0.015125032080662758,43.333,11.154,kwadrat,wiskoza,30.0,30.0,0.3,166.315
331.1933448231495,0.2950701619540989,39.595,35.611,trojkat,bawelna,35.0,30.0,0.3,205.664
161.070741140856,0.006727766748616537,65.189,45.371,trojkat,wiskoza,35.0,30.0,0.3,225.441
179.99822250912456,0.10536581620463427,72.476,2.463,kwadrat,mikrofibra,30.0,30.0,0.3,220.617
189.41309389511105,0.06729556765605788,95.021,28.94,kwadrat,mikrofibra,30.0,30.0,0.3,227.012
192.32156737818806,0.2351214753225709,40.996,34.162,trojkat,bawelna,35.0,30.0,0.3,315.199
401.16447635309675,0.1824958500023315,87.034,23.584,trojkat,bawelna,35.0,30.0,0.3,292.745
183.4519604926688,0.22711443440958762,93.236,41.809,trojkat,bawelna,35.0,30.0,0.3,328.352
491.51467930631986,0.05264748821440721,40.644,28.362,kwadrat,mikrofibra,30.0,30.0,0.3,409.306
216.92345367099435,0.11175267946603976,117.737,46.866,kwadrat,mikrofibra,30.0,30.0,0.3,379.079
78.80285597387942,0.1258882148420431,26.036,20.318,trapez,poliester,40.0,25.0,0.3,491.098
171.99331419382958,0.24819064492117376,67.303,19.995,trapez,bawelna,40.0,25.0,0.3,469.826
427.0587686833116,0.080452310323474,69.406,25.396,trapez,mikrofibra,40.0,25.0,0.3,493.119
476.030178015528,0.050461096729955454,92.764,38.969,kwadrat,wiskoza,30.0,30.0,0.3,508.73
234.3519740191967,0.1193053243299164,75.004,22.233,trojkat,wiskoza,35.0,30.0,0.3,548.723
332.7919054765642,0.20215166948100138,41.233,6.469,trapez,poliester,40.0,25.0,0.3,588.963
151.7563990623524,0.0832394039174862,104.017,38.681,trojkat,bawelna,35.0,30.0,0.3,564.86
321.5718932195204,0.05631672170767562,35.487,3.417,trojkat,mikrofibra,35.0,30.0,0.3,636.807
122.75214630663285,0.0857122702982671,78.104,21.957,kwadrat,mikrofibra,30.0,30.0,0.3,616.147
281.7525468693754,0.24519159366397103,71.065,47.426,kwadrat,poliester,30.0,30.0,0.3,670.612
293.7924339204035,0.2786578649536697,36.324,7.88,kwadrat,mikrofibra,30.0,30.0,0.3,713.233
56.18549930510537,0.1037418295231275,72.222,43.207,trapez,poliester,40.0,25.0,0.3,720.542
333.9148056031235,0.01709361809921048,77.377,16.751,trojkat,wiskoza,35.0,30.0,0.3,732.138
483.8352874205487,0.185857860010891,61.94,23.288,trapez,poliester,40.0,25.0,0.3,770.863
323.0292761228464,0.007730879629305343,81.878,13.068,kwadrat,wiskoza,30.0,30.0,0.3,763.993
315.787025297587,0.04514168130179924,39.621,27.102,trojkat,wiskoza,35.0,30.0,0.3,833.352
82.29911280193086,0.07301900496555914,79.558,33.355,trapez,poliester,40.0,25.0,0.3,826.77
232.2962125374049,0.06561468389937819,65.813,32.193,trojkat,bawelna,35.0,30.0,0.3,872.708
300.59529942744314,0.1733421150753254,56.513,44.569,trapez,wiskoza,40.0,25.0,0.3,926.577
96.1321838299135,0.06373418315864189,80.334,20.998,trapez,poliester,40.0,25.0,0.3,923.754
120.41452220162026,0.24945549993366706,46.084,1.518,kwadrat,mikrofibra,30.0,30.0,0.3,959.522
455.7983128458029,0.25483392186772064,72.294,29.494,trojkat,mikrofibra,35.0,30.0,0.3,962.806
105.9657795502296,0.106477398263103,31.493,29.83,kwadrat,bawelna,30.0,30.0,0.3,1033.437
330.05446907776076,0.16579868033302445,52.433,46.537,trapez,poliester,40.0,25.0,0.3,1059.034
402.4392859843817,0.1407321633142736,47.144,45.916,trapez,bawelna,40.0,25.0,0.3,1110.239
452.34243613996284,0.07124356702567725,88.394,33.664,trapez,poliester,40.0,25.0,0.3,1102.653
313.0020093908417,0.025238298677814852,34.356,27.664,kwadrat,wiskoza,30.0,30.0,0.3,1184.355
190.8083273961417,0.04704381159504171,77.915,42.29,kwadrat,bawelna,30.0,30.0,0.3,1183.086
221.23296944145252,0.16400870462163905,96.385,46.656,kwadrat,poliester,30.0,30.0,0.3,1211.272
292.249374465071,0.11793117226782031,39.247,13.058,trapez,mikrofibra,40.0,25.0,0.3,1281.468
161.7726239344434,0.2504841617083211,95.119,29.276,kwadrat,bawelna,30.0,30.0,0.3,1254.872
447.3472211733979,0.21944590791093474,33.341,6.65,kwadrat,poliester,30.0,30.0,0.3,1323.3
349.97021557097867,0.11236447301387438,74.047,8.69,trojkat,poliester,35.0,30.0,0.3,1291.284
419.9809490673905,0.15010783386466817,91.666,37.058,trojkat,mikrofibra,35.0,30.0,0.3,1310.723
362.27731572957055,0.05803060288694477,19.199,16.244,kwadrat,wiskoza,30.0,30.0,0.3,1399.434
389.4192380061602,0.27253036556381255,78.347,37.5,kwadrat,poliester,30.0,30.0,0.3,1377.786
82.02122832804477,0.07107999747199459,67.014,1.459,kwadrat,bawelna,30.0,30.0,0.3,1390.578
348.3712363115401,0.09356383072911757,43.048,31.248,trojkat,bawelna,35.0,30.0,0.3,1445.792
228.44915689548344,0.2216600031399098,66.221,25.429,trojkat,poliester,35.0,30.0,0.3,1448.048
199.2041145802372,0.2252308947633167,32.982,30.053,trapez,poliester,40.0,25.0,0.3,1511.34
401.5948350862873,0.046477593343032794,80.022,42.296,trojkat,wiskoza,35.0,30.0,0.3,1506.596
184.91023740435617,0.28138956943016824,80.531,28.264,kwadrat,poliester,30.0,30.0,0.3,1534.351
352.1656169002431,0.2522726131208721,53.143,31.039,trojkat,poliester,35.0,30.0,0.3,1592.778
163.97257258522177,0.0972988132054554,36.06,18.889,kwadrat,poliester,30.0,30.0,0.3,1628.75
137.2383805716017,0.2280482789370477,41.737,11.653,trojkat,poliester,35.0,30.0,0.3,1634.726
463.2075890039467,0.051212508993744056,75.028,6.884,kwadrat,poliester,30.0,30.0,0.3,1608.319
250.4937374338509,0.22249243555081266,99.732,36.768,kwadrat,bawelna,30.0,30.0,0.3,1620.383
273.3164387970627,0.034974922366709016,36.247,12.165,kwadrat,poliester,30.0,30.0,0.3,1696.033
172.13422120102146,0.24762469923718441,95.973,44.114,trojkat,poliester,35.0,30.0,0.3,1680.421
450.6842827486978,0.17803841481141713,60.532,7.143,trojkat,mikrofibra,35.0,30.0,0.3,1723.005
285.12958148851476,0.28414843887007435,91.647,34.326,trapez,bawelna,40.0,25.0,0.3,1726.216
125.12888993623942,0.13268814163534057,60.78,6.667,trapez,mikrofibra,40.0,25.0,0.3,1763.75
229.56589293909562,0.20323142136848835,27.378,11.682,trojkat,mikrofibra,35.0,30.0,0.3,1808.834
84.02226827753785,0.018769452665835473,35.314,28.843,kwadrat,mikrofibra,30.0,30.0,0.3,1829.741
334.5760959477743,0.028325669298144285,98.218,37.157,kwadrat,bawelna,30.0,30.0,0.3,1803.994
105.31430530942441,0.1105041641383054,20.438,16.709,trojkat,mikrofibra,35.0,30.0,0.3,1898.483
211.01633785109698,0.02651548409535561,43.411,24.329,trapez,wiskoza,40.0,25.0,0.3,1899.839
310.2342797391623,0.02482105068545697,70.733,38.479,kwadrat,bawelna,30.0,30.0,0.3,1910.996
378.2051573395984,0.21187384876657864,40.817,26.737,trojkat,poliester,35.0,30.0,0.3,1967.649
95.61780389892161,0.11538332279363045,93.853,32.343,trojkat,wiskoza,35.0,30.0,0.3,1946.956
464.3449738085108,0.26938939405433654,12.065,6.023,kwadrat,bawelna,30.0,30.0,0.3,2034.767
444.86152099451687,0.11854658924169151,11.691,1.355,trapez,wiskoza,40.0,25.0,0.3,2036.496
61.33703628165321,0.27946647429284427,102.355,41.925,trojkat,bawelna,35.0,30.0,0.3,1987.757
201.8054960460917,0.17495724128312926,57.767,45.402,trapez,wiskoza,40.0,25.0,0.3,2077.747
191.0065629133144,0.0043144338216255075,30.713,2.595,trojkat,bawelna,35.0,30.0,0.3,2107.396
219.79312428343678,0.25113588834919565,92.098,45.381,trapez,poliester,40.0,25.0,0.3,2091.392
478.14044938050466,0.2500932031425517,63.824,31.968,trapez,mikrofibra,40.0,25.0,0.3,2151.634
329.21320327338674,0.0815863678194596,64.448,15.394,trojkat,mikrofibra,35.0,30.0,0.3,2166.404
137.73883995513015,0.1901134799296587,23.042,21.026,kwadrat,mikrofibra,30.0,30.0,0.3,2228.836
335.46365999225924,0.06546226036565167,88.834,21.32,kwadrat,mikrofibra,30.0,30.0,0.3,2184.364
186.8894238363264,0.08448481263168951,37.614,16.954,trapez,bawelna,40.0,25.0,0.3,2252.538
339.8671496641622,0.29868933284966503,74.936,30.417,kwadrat,poliester,30.0,30.0,0.3,2245.633
422.85001905773663,0.1012362836892687,72.222,21.125,kwadrat,wiskoza,30.0,30.0,0.3,2269.472
238.6722475247099,0.2296090091574122,89.473,44.211,trojkat,mikrofibra,35.0,30.0,0.3,2296.432
242.91590944389512,0.2377784439627404,66.461,47.247,trapez,bawelna,40.0,25.0,0.3,2366.691
169.39676189996015,0.27130793249815716,72.265,13.111,kwadrat,bawelna,30.0,30.0,0.3,2373.998
133.54101720555934,0.2712729874222695,26.051,5.499,kwadrat,poliester,30.0,30.0,0.3,2425.711
342.19504605959673,0.2605228571840802,20.526,10.966,trapez,poliester,40.0,25.0,0.3,2442.202
322.53705019553513,0.24698196380400905,53.964,13.366,trojkat,bawelna,35.0,30.0,0.3,2422.13
498.73205925632766,0.12791950704048674,76.609,21.327,trojkat,bawelna,35.0,30.0,0.3,2420.812
74.44941567030672,0.028475381046500912,79.832,26.469,trojkat,poliester,35.0,30.0,0.3,2444.058
83.34744015869018,0.024479616001451508,69.809,7.353,trapez,mikrofibra,40.0,25.0,0.3,2461.434
106.49759664319402,0.2991713699710808,97.568,42.538,trapez,wiskoza,40.0,25.0,0.3,2476.213
486.6156993767257,0.26951593997521045,66.267,28.869,kwadrat,poliester,30.0,30.0,0.3,2536.383
71.6837055769833,0.2943353723603807,110.599,42.641,trapez,poliester,40.0,25.0,0.3,2534.692
343.23789221477443,0.20032817748094586,18.894,6.192,kwadrat,mikrofibra,30.0,30.0,0.3,2632.589
459.4744147344764,0.011681405006299684,102.639,46.64,trojkat,wiskoza,35.0,30.0,0.3,2595.484
353.3586329912283,0.041144546445822945,57.003,40.34,trojkat,bawelna,35.0,30.0,0.3,2681.46
66.90699067950833,0.07964892222872169,63.318,34.204,trapez,wiskoza,40.0,25.0,0.3,2709.349
345.5282681247236,0.1500835605623281,67.609,3.883,kwadrat,poliester,30.0,30.0,0.3,2708.941
180.72702755213916,0.1871995456586947,103.629,36.378,kwadrat,poliester,30.0,30.0,0.3,2709.299
150.93206747827026,0.2970326538260597,69.714,22.259,trapez,bawelna,40.0,25.0,0.3,2765.473
403.7925435174761,0.10318730596730566,54.573,41.156,trapez,bawelna,40.0,25.0,0.3,2821.77
319.5700642176717,0.11203738353981157,70.379,6.01,kwadrat,poliester,30.0,30.0,0.3,2811.974
366.73569123544905,0.29720374711972974,72.758,29.025,kwadrat,poliester,30.0,30.0,0.3,2838.62
184.80455507924324,0.11483962933091635,38.845,3.207,trapez,mikrofibra,40.0,25.0,0.3,2875.74
302.3052327225275,0.2937454665301847,48.54,44.738,trojkat,wiskoza,35.0,30.0,0.3,2910.783
432.6566005039529,0.20726519296524684,53.589,19.891,trapez,bawelna,40.0,25.0,0.3,2925.625
162.90187056099612,0.19744794728927204,59.783,41.925,kwadrat,poliester,30.0,30.0,0.3,2961.356
401.88198972108165,0.23765735844050281,91.647,33.532,kwadrat,bawelna,30.0,30.0,0.3,2963.024
261.4947206710715,0.08209212535823149,55.077,8.454,kwadrat,mikrofibra,30.0,30.0,0.3,3008.048
491.53663812385213,0.1084211337201559,64.264,30.733,trojkat,bawelna,35.0,30.0,0.3,3029.594
311.7300318451371,0.010473465796867143,56.001,22.395,trojkat,wiskoza,35.0,30.0,0.3,3060.252
125.29458680047718,0.14128807573042004,95.774,31.565,kwadrat,mikrofibra,30.0,30.0,0.3,3052.044
182.88566490732475,0.21154174367116899,103.221,35.666,trapez,mikrofibra,40.0,25.0,0.3,3080.263
263.4147594396291,0.03778655891380748,39.855,10.8,trapez,bawelna,40.0,25.0,0.3,3154.429
450.5635118282066,0.14635029556320375,73.31,42.401,kwadrat,mikrofibra,30.0,30.0,0.3,3163.375
458.5544572008287,0.17126322505184285,20.691,2.156,kwadrat,wiskoza,30.0,30.0,0.3,3218.15
284.652060875096,0.05128092072625449,19.12,9.528,trapez,bawelna,40.0,25.0,0.3,3229.249
490.541501828664,0.2282553992792345,78.826,28.969,trapez,poliester,40.0,25.0,0.3,3198.512
123.21488471385464,0.2393196790044642,49.242,38.356,trapez,mikrofibra,40.0,25.0,0.3,3266.452
436.4675470256696,0.0461699714081321,40.781,17.685,trojkat,wiskoza,35.0,30.0,0.3,3292.598
324.74603975694106,0.01700412964975062,59.615,26.381,kwadrat,bawelna,30.0,30.0,0.3,3300.145
477.9178675261468,0.13988982388194562,49.853,40.705,trojkat,mikrofibra,35.0,30.0,0.3,3350.612
272.2163182056179,0.2593299740605092,73.706,15.998,kwadrat,poliester,30.0,30.0,0.3,3342.757
155.39151691685038,0.2965262981890443,40.681,12.028,trojkat,wiskoza,35.0,30.0,0.3,3387.81
211.36030768619293,0.2998673109751316,36.785,29.983,kwadrat,poliester,30.0,30.0,0.3,3421.689
179.35774920376255,0.28154464746424634,87.698,27.819,kwadrat,wiskoza,30.0,30.0,0.3,3398.595
207.7342404287728,0.19914734245581753,14.724,5.966,trapez,mikrofibra,40.0,25.0,0.3,3477.535
177.115434789662,0.1503826933877188,75.873,38.485,trapez,poliester,40.0,25.0,0.3,3454.871
461.2047997429667,0.06333778276741121,60.436,47.589,trapez,poliester,40.0,25.0,0.3,3517.897
378.0414777451174,0.05538973720421076,54.413,43.333,trojkat,poliester,35.0,30.0,0.3,3567.253
368.47460762038736,0.024681697283118562,88.145,41.977,kwadrat,poliester,30.0,30.0,0.3,3575.498
475.1313164523858,0.06941419091305441,27.509,21.472,trapez,bawelna,40.0,25.0,0.3,3657.606
139.54646253174656,0.11429738210051997,76.139,22.373,trojkat,mikrofibra,35.0,30.0,0.3,3631.349
481.0703544755467,0.2175018228897356,82.176,39.444,kwadrat,bawelna,30.0,30.0,0.3,3664.756
82.54241386607237,0.0563761142445969,90.969,20.682,trojkat,mikrofibra,35.0,30.0,0.3,3676.645
179.4347280696552,0.13737869833020835,64.409,6.26,trapez,poliester,40.0,25.0,0.3,3709.465
244.7281112088671,0.17794746571184045,105.866,41.895,trapez,bawelna,40.0,25.0,0.3,3709.903
238.75159728079112,0.033477899987174244,66.188,2.862,kwadrat,bawelna,30.0,30.0,0.3,3752.443
226.7288344721373,0.04841020751651493,89.247,43.027,trojkat,wiskoza,35.0,30.0,0.3,3772.411
365.5128174878631,0.2658545316388035,27.197,16.256,trojkat,poliester,35.0,30.0,0.3,3850.717
209.2051214313962,0.13501759182786757,63.679,20.003,kwadrat,bawelna,30.0,30.0,0.3,3834.238
79.70442986310871,0.07245018839785003,39.813,29.078,trapez,mikrofibra,40.0,25.0,0.3,3887.182
84.06487728940436,0.017982990258392482,112.165,41.515,trojkat,wiskoza,35.0,30.0,0.3,3856.345
312.6711144791138,0.2700792333606211,32.218,5.749,trapez,poliester,40.0,25.0,0.3,3942.041
56.79980789651377,0.12395175516231585,89.938,46.927,trapez,bawelna,40.0,25.0,0.3,3931.248
384.29667215057253,0.12515802556937294,42.907,9.514,trojkat,bawelna,35.0,30.0,0.3,3987.793
372.37870038114454,0.19493641402928988,59.245,23.623,trapez,bawelna,40.0,25.0,0.3,3995.078
444.8077039097774,0.10239559378501563,40.049,24.621,kwadrat,wiskoza,30.0,30.0,0.3,4038.895
183.78085563830012,0.24440130141299676,75.457,19.512,kwadrat,bawelna,30.0,30.0,0.3,4022.999
50.89646084858162,0.26870698327998493,35.875,32.106,kwadrat,bawelna,30.0,30.0,0.3,4094.687
338.2768325969993,0.04290033679971792,27.664,22.215,trojkat,wiskoza,35.0,30.0,0.3,4125.113
185.47073502544086,0.008595728273296355,59.633,37.685,kwadrat,mikrofibra,30.0,30.0,0.3,4130.829
273.89293346574595,0.05204881510650661,30.331,12.376,trapez,poliester,40.0,25.0,0.3,4172.507
426.1216675597322,0.0057466456653758715,32.703,4.693,trapez,mikrofibra,40.0,25.0,0.3,4174.828
320.6992456849208,0.2452223541918328,62.14,22.743,kwadrat,bawelna,30.0,30.0,0.3,4168.134
90.18028603650782,0.16901860521379203,45.495,41.516,trojkat,poliester,35.0,30.0,0.3,4226.295
283.5645260582969,0.0633695494418793,62.345,9.297,kwadrat,poliester,30.0,30.0,0.3,4218.742
177.11259186650165,0.200360372010244,51.97,5.915,trapez,poliester,40.0,25.0,0.3,4235.032
226.93784046256502,0.17856385023806243,55.767,24.415,kwadrat,poliester,30.0,30.0,0.3,4255.65
277.15801923703765,0.1391945094500662,62.542,7.151,trojkat,poliester,35.0,30.0,0.3,4256.026
149.383752333354,0.10212346683427789,44.248,10.425,kwadrat,mikrofibra,30.0,30.0,0.3,4284.745
201.74295900458844,0.23385501042721904,47.332,5.119,trapez,bawelna,40.0,25.0,0.3,4286.78
170.41670452758717,0.04610731285326136,87.869,37.958,trojkat,wiskoza,35.0,30.0,0.3,4284.201
389.4117168569363,0.048837296761868806,95.576,31.959,trapez,wiskoza,40.0,25.0,0.3,4308.453
116.28636992553665,0.09193904041284609,49.215,39.813,kwadrat,wiskoza,30.0,30.0,0.3,4394.627
436.4439257072625,0.10832241790231116,31.064,4.178,trojkat,poliester,35.0,30.0,0.3,4416.956
386.89035535679,0.2996677836099872,68.109,42.028,trapez,bawelna,40.0,25.0,0.3,4421.939
447.15194454755624,0.22412348013870867,51.221,39.657,trapez,mikrofibra,40.0,25.0,0.3,4478.484
97.42694814851235,0.01207740090276963,46.154,5.49,kwadrat,mikrofibra,30.0,30.0,0.3,4489.041
427.32132522936115,0.0361162736367267,30.971,26.341,trapez,poliester,40.0,25.0,0.3,4530.565
281.7200074609667,0.12339119161986938,35.226,22.865,trojkat,bawelna,35.0,30.0,0.3,4549.175
318.9507272162164,0.012574565014877259,84.858,16.371,trojkat,mikrofibra,35.0,30.0,0.3,4515.914
113.36132700170424,0.10279354395675645,78.835,27.589,trapez,bawelna,40.0,25.0,0.3,4549.526
141.9423725295366,0.08822023865303334,100.791,29.228,trojkat,bawelna,35.0,30.0,0.3,4556.798
148.79926545341087,0.29318397976993416,48.139,19.768,kwadrat,mikrofibra,30.0,30.0,0.3,4629.218
174.27630101940474,0.29928848922064694,55.061,40.912,trojkat,wiskoza,35.0,30.0,0.3,4663.208
256.5232324685692,0.07977853518963564,28.732,5.767,kwadrat,mikrofibra,30.0,30.0,0.3,4695.304
416.3565585160228,0.015171931147268657,62.229,29.533,trojkat,mikrofibra,35.0,30.0,0.3,4691.34
366.6649008330729,0.1971091494702322,68.169,17.884,trapez,poliester,40.0,25.0,0.3,4703.284
333.61124875527105,0.007112326093355514,91.879,45.716,trapez,poliester,40.0,25.0,0.3,4725.29
438.1882120171305,0.29417046811821707,70.542,22.328,trojkat,bawelna,35.0,30.0,0.3,4768.955
417.70766390701334,0.24796532225743925,35.712,13.132,trapez,mikrofibra,40.0,25.0,0.3,4816.917
246.6481485495294,0.14688733861507344,57.498,3.15,trapez,wiskoza,40.0,25.0,0.3,4798.281
294.91428475116396,0.06680282373692549,63.561,13.813,trapez,wiskoza,40.0,25.0,0.3,4806.031
382.42541782695486,0.2185112563018938,51.937,31.431,kwadrat,poliester,30.0,30.0,0.3,4849.086
392.46700561285235,0.17905556306632783,60.081,35.064,kwadrat,wiskoza,30.0,30.0,0.3,4876.006
444.3437449140402,0.11837169459567713,7.54,4.733,trapez,mikrofibra,40.0,25.0,0.3,4933.28
160.97163574011108,0.29032843958086857,65.121,18.516,trapez,wiskoza,40.0,25.0,0.3,4894.215
391.4218945237643,0.09705912374564746,21.29,10.147,kwadrat,bawelna,30.0,30.0,0.3,4948.193
386.7729573543041,0.1137121456149105,65.137,23.522,kwadrat,bawelna,30.0,30.0,0.3,4927.868
70.21008454802714,0.012017735715208344,34.979,23.241,trojkat,bawelna,35.0,30.0,0.3,4981.267
413.21999181419716,0.18678916007959742,24.549,9.173,kwadrat,wiskoza,30.0,30.0,0.3,5000.87
212.10526346019253,0.09383339676310622,31.464,9.487,kwadrat,mikrofibra,30.0,30.0,0.3,5003.442
341.82716905340965,0.03176229546393879,92.076,47.972,trapez,mikrofibra,40.0,25.0,0.3,4990.802
100.18049554457437,0.14654868979797162,33.384,11.258,kwadrat,mikrofibra,30.0,30.0,0.3,5060.752
411.7813283986341,0.26937575608729974,87.009,33.651,kwadrat,wiskoza,30.0,30.0,0.3,5040.778
171.6769788730365,0.1963026016478159,83.308,27.693,trapez,bawelna,40.0,25.0,0.3,5072.172
327.3352186665758,0.19782688862459927,87.087,47.647,kwadrat,wiskoza,30.0,30.0,0.3,5116.04
50.005235639914765,0.09526491007727653,15.657,3.443,trapez,wiskoza,40.0,25.0,0.3,5190.913
410.00156679365665,0.020170254027168343,69.865,4.454,trojkat,mikrofibra,35.0,30.0,0.3,5141.159
216.30838974204792,0.2671152962565798,91.255,30.121,kwadrat,mikrofibra,30.0,30.0,0.3,5149.89
56.61202489472923,0.08310375729779364,66.803,20.626,trapez,poliester,40.0,25.0,0.3,5194.968
224.44196245504116,0.17608095196767212,61.749,39.959,trojkat,poliester,35.0,30.0,0.3,5239.981
206.64301692572963,0.29260294004372117,83.259,11.519,kwadrat,poliester,30.0,30.0,0.3,5229.99
283.0822374706605,0.02010496132536299,74.791,11.549,trojkat,wiskoza,35.0,30.0,0.3,5250.007
338.2142189791298,0.23340757294339592,36.72,13.326,trapez,poliester,40.0,25.0,0.3,5301.404
439.38309150901057,0.19761529161810665,72.698,39.958,trapez,wiskoza,40.0,25.0,0.3,5305.384
214.55633671761709,0.06315208189960288,44.917,39.76,kwadrat,mikrofibra,30.0,30.0,0.3,5372.925
482.28213898093986,0.13619697335990968,86.014,33.331,trapez,wiskoza,40.0,25.0,0.3,5365.159
54.49044949630222,0.20294512485618132,111.711,42.265,kwadrat,mikrofibra,30.0,30.0,0.3,5381.727
268.2925969907931,0.08277680831416405,77.066,19.94,trapez,bawelna,40.0,25.0,0.3,5436.312
220.59232190237128,0.27639225366389264,97.358,42.319,trojkat,poliester,35.0,30.0,0.3,5458.339
353.1404378637085,0.11757316888317271,42.57,31.591,trojkat,poliester,35.0,30.0,0.3,5544.718
66.20846823114188,0.18453874216235994,51.237,4.018,trapez,wiskoza,40.0,25.0,0.3,5540.069
236.13920371338588,0.015596805593312245,27.365,8.851,trapez,mikrofibra,40.0,25.0,0.3,5572.792
178.5912460667177,0.10524573280050467,66.821,15.859,kwadrat,wiskoza,30.0,30.0,0.3,5549.195
476.45961168401186,0.1521178940216155,62.103,43.977,trapez,poliester,40.0,25.0,0.3,5597.89
419.6247633053124,0.17260775193872957,78.088,15.32,kwadrat,wiskoza,30.0,30.0,0.3,5597.225
301.57667822597097,0.1644435608184066,57.376,15.655,trapez,mikrofibra,40.0,25.0,0.3,5633.592
405.01961229920323,0.2293060159309282,49.383,33.779,trojkat,mikrofibra,35.0,30.0,0.3,5675.364
375.55151803250044,0.1542286327653779,35.452,28.268,kwadrat,poliester,30.0,30.0,0.3,5717.563
404.3970886364507,0.14617960623001522,12.973,7.169,trojkat,mikrofibra,35.0,30.0,0.3,5747.211
54.46571950752603,0.2642919016918972,87.369,29.564,trapez,poliester,40.0,25.0,0.3,5702.379
217.27582988105445,0.06226228086171104,28.538,9.72,trapez,bawelna,40.0,25.0,0.3,5770.93
429.6423488233207,0.25146912632454016,75.056,17.068,kwadrat,mikrofibra,30.0,30.0,0.3,5741.48
158.85198235080014,0.2001637011582543,51.57,24.851,kwadrat,mikrofibra,30.0,30.0,0.3,5789.817
189.40453664409466,0.03097950266251452,75.074,12.69,kwadrat,wiskoza,30.0,30.0,0.3,5779.003
493.18628124311414,0.027708158433413555,50.899,38.116,trojkat,wiskoza,35.0,30.0,0.3,5841.294
282.13785622054763,0.12056615996721902,86.765,45.648,kwadrat,poliester,30.0,30.0,0.3,5851.076
417.5507599275362,0.2806453540582487,111.64,41.974,trojkat,bawelna,35.0,30.0,0.3,5868.175
363.74422185933656,0.2727525792160757,41.535,28.198,trojkat,poliester,35.0,30.0,0.3,5966.478
354.2118296236464,0.021032441892377084,75.15,37.772,trojkat,poliester,35.0,30.0,0.3,5970.635
341.743103353443,0.004104724428204331,44.2,2.213,trojkat,poliester,35.0,30.0,0.3,6003.798
380.4997694340162,0.21990003216678697,85.894,24.137,trojkat,mikrofibra,35.0,30.0,0.3,5986.241
158.86925614198833,0.011693796198339124,18.313,12.581,trapez,poliester,40.0,25.0,0.3,6066.403
100.98657712735888,0.14267885754660248,74.992,32.612,trojkat,wiskoza,35.0,30.0,0.3,6042.336
237.42699435674555,0.0502071096710343,36.393,17.483,kwadrat,wiskoza,30.0,30.0,0.3,6098.418
362.12812586320786,0.15742069129842964,76.715,7.238,kwadrat,wiskoza,30.0,30.0,0.3,6065.334
192.9140578675025,0.09799177482777328,57.469,35.415,trapez,bawelna,40.0,25.0,0.3,6119.995
390.7895932104975,0.2477132854682001,66.046,33.115,kwadrat,mikrofibra,30.0,30.0,0.3,6144.533
475.00186221243655,0.1400079362653225,23.622,1.232,trapez,mikrofibra,40.0,25.0,0.3,6188.189
121.77151814361123,0.08257175431110249,85.8,35.633,trojkat,bawelna,35.0,30.0,0.3,6161.644
295.9597139145327,0.2668557933131289,53.008,30.798,trapez,poliester,40.0,25.0,0.3,6225.234
77.99145177411624,0.1378752171640869,59.156,2.375,trapez,wiskoza,40.0,25.0,0.3,6221.461
217.00082229355752,0.2271848934826502,88.659,34.325,trapez,bawelna,40.0,25.0,0.3,6226.283
133.76115398900657,0.1176280730713718,80.261,24.448,kwadrat,poliester,30.0,30.0,0.3,6259.129
457.7499509596237,0.1785909797782467,101.767,45.031,kwadrat,bawelna,30.0,30.0,0.3,6282.654
283.1036298820812,0.28377739320962597,116.824,47.845,kwadrat,mikrofibra,30.0,30.0,0.3,6315.442
241.35268344696226,0.27996152632779187,88.564,30.912,kwadrat,bawelna,30.0,30.0,0.3,6374.614
237.4546228170315,0.254432770504689,76.85,26.441,kwadrat,wiskoza,30.0,30.0,0.3,6412.769
177.92334181738252,0.07470262083272697,51.72,45.661,kwadrat,mikrofibra,30.0,30.0,0.3,6483.56
316.0086364663324,0.24043373286688607,78.632,7.697,kwadrat,mikrofibra,30.0,30.0,0.3,6464.345
253.08235086316472,0.20770629184632425,37.846,17.267,trojkat,wiskoza,35.0,30.0,0.3,6522.398
348.89872324503574,0.11241659115221293,24.859,2.111,trojkat,mikrofibra,35.0,30.0,0.3,6537.496
228.92557034879175,0.21442598293318374,88.924,45.397,trojkat,wiskoza,35.0,30.0,0.3,6518.828
434.7635907289708,0.0376458890397452,39.645,34.016,trapez,mikrofibra,40.0,25.0,0.3,6602.123
103.3261806191682,0.13749707837627262,44.955,11.016,trapez,mikrofibra,40.0,25.0,0.3,6607.829
182.88072232157447,0.19091228446001232,41.769,17.717,trojkat,wiskoza,35.0,30.0,0.3,6628.732
420.34271226879537,0.05435498371502484,34.912,29.686,kwadrat,mikrofibra,30.0,30.0,0.3,6665.275
79.95412756140028,0.1396010801818458,40.159,4.204,kwadrat,wiskoza,30.0,30.0,0.3,6664.232
334.7203454368704,0.1742851139664538,73.317,2.739,kwadrat,wiskoza,30.0,30.0,0.3,6633.813
368.1394193550723,0.07244894557706034,26.096,12.734,kwadrat,bawelna,30.0,30.0,0.3,6693.768
73.32610960387805,0.015829577357880785,107.473,41.809,kwadrat,mikrofibra,30.0,30.0,0.3,6654.2
392.45356557292644,0.08743827404813816,63.503,46.505,kwadrat,wiskoza,30.0,30.0,0.3,6744.675
109.2717628605921,0.009733033814156088,25.719,16.839,trapez,poliester,40.0,25.0,0.3,6799.298
267.8346813695907,0.13192214595237256,18.813,13.208,trojkat,bawelna,35.0,30.0,0.3,6819.412
489.65312949752456,0.04393087698084484,46.67,30.116,trapez,mikrofibra,40.0,25.0,0.3,6821.671
205.9358755787232,0.16865664331935754,100.419,40.391,trojkat,wiskoza,35.0,30.0,0.3,6808.313
84.30764808810402,0.09416264901674115,32.713,29.996,trojkat,wiskoza,35.0,30.0,0.3,6906.015
123.36590161921595,0.270723909985831,15.45,9.506,kwadrat,wiskoza,30.0,30.0,0.3,6932.784
329.58160207232453,0.07585743547503335,78.559,25.965,trojkat,wiskoza,35.0,30.0,0.3,6895.64
282.5142733518205,0.2517541184940896,34.744,19.447,trojkat,wiskoza,35.0,30.0,0.3,6958.902
264.3510799854945,0.08431492505006674,68.743,5.932,kwadrat,poliester,30.0,30.0,0.3,6930.835
130.66502535850552,0.06440876623900663,31.575,12.094,kwadrat,mikrofibra,30.0,30.0,0.3,6980.097
130.7141069054947,0.15947164580601936,104.001,46.586,trapez,bawelna,40.0,25.0,0.3,6954.257
256.0980915516071,0.030293432045328327,65.287,39.047,trapez,mikrofibra,40.0,25.0,0.3,7032.018
58.60803489677915,0.24781940536448566,79.564,46.008,kwadrat,poliester,30.0,30.0,0.3,7063.749
153.68749795280746,0.0030853487807076083,15.756,4.765,trojkat,wiskoza,35.0,30.0,0.3,7132.322
397.91384326340216,0.10058371502348872,62.042,39.344,trojkat,poliester,35.0,30.0,0.3,7125.38
317.10242092045365,0.19342357457304557,89.606,41.962,trojkat,poliester,35.0,30.0,0.3,7139.778
170.3309125358936,0.1064693050459662,49.089,3.266,kwadrat,wiskoza,30.0,30.0,0.3,7183.561
142.81345122626868,0.012041657725609955,60.822,15.36,trojkat,bawelna,35.0,30.0,0.3,7187.188
451.3424651648306,0.18712292545920273,24.594,14.975,trojkat,poliester,35.0,30.0,0.3,7238.391
188.50812425633555,0.02505747440400563,61.138,33.544,kwadrat,poliester,30.0,30.0,0.3,7235.391
371.4469860807489,0.09416342295450819,73.168,21.615,trapez,poliester,40.0,25.0,0.3,7244.976
215.91822688915784,0.20243589065022316,84.792,25.86,trapez,poliester,40.0,25.0,0.3,7259.212
446.07053206466827,0.04686197060598659,94.839,47.252,kwadrat,bawelna,30.0,30.0,0.3,7296.417
162.95062246803514,0.12899556423631792,53.785,2.529,trapez,bawelna,40.0,25.0,0.3,7340.0
366.14322569066314,0.2787418560046388,32.766,15.819,kwadrat,wiskoza,30.0,30.0,0.3,7376.838
173.33221520398595,0.1289872859339465,46.986,14.011,trojkat,poliester,35.0,30.0,0.3,7376.629
484.72137730790473,0.0686626387450497,27.069,16.974,kwadrat,wiskoza,30.0,30.0,0.3,7413.52
439.7430351252612,0.12575486277063638,76.023,32.377,trojkat,mikrofibra,35.0,30.0,0.3,7396.943
132.54898838154554,0.069999846794798,110.127,46.854,trapez,mikrofibra,40.0,25.0,0.3,7409.693
80.13812541137219,0.22024537771249386,30.508,9.217,kwadrat,wiskoza,30.0,30.0,0.3,7498.529
78.13683308428058,0.2349893948868143,61.688,17.526,kwadrat,wiskoza,30.0,30.0,0.3,7484.875
382.0482431755728,0.04836564359253676,103.557,41.803,kwadrat,poliester,30.0,30.0,0.3,7484.809
486.80444543438483,0.009797718235348762,8.875,5.413,trojkat,poliester,35.0,30.0,0.3,7584.904
84.58793387427357,0.24654928397560777,17.607,8.815,trapez,wiskoza,40.0,25.0,0.3,7584.987
246.94759766669156,0.11985563537608043,31.363,8.686,trojkat,bawelna,35.0,30.0,0.3,7579.917
420.1406574728885,0.09690820372622816,50.235,38.573,kwadrat,mikrofibra,30.0,30.0,0.3,7599.618
371.2786846279654,0.2000542173916974,77.305,39.498,trapez,poliester,40.0,25.0,0.3,7612.046
50.60913157196067,0.25576422637379115,61.72,28.868,kwadrat,poliester,30.0,30.0,0.3,7656.499
289.6268298871918,0.28032991162603244,22.887,2.7,kwadrat,mikrofibra,30.0,30.0,0.3,7698.032
249.76375452787002,0.17218495982070312,19.442,17.611,trapez,mikrofibra,40.0,25.0,0.3,7719.088
413.18190674001636,0.2492847513165205,83.007,28.84,trojkat,wiskoza,35.0,30.0,0.3,7684.363
186.31207797493667,0.044182669065627275,34.493,26.89,kwadrat,poliester,30.0,30.0,0.3,7759.767
97.65761198169093,0.2637990647035422,73.772,36.827,trapez,mikrofibra,40.0,25.0,0.3,7757.315
233.66826089001415,0.27492616335961984,89.599,19.62,trojkat,poliester,35.0,30.0,0.3,7761.108
229.10238182952628,0.05024732672823231,89.184,31.796,trojkat,mikrofibra,35.0,30.0,0.3,7793.319
130.66396508267633,0.20914910764139413,61.526,26.049,trojkat,poliester,35.0,30.0,0.3,7847.026
53.7636568445857,0.0269630555208482,59.851,22.611,trapez,mikrofibra,40.0,25.0,0.3,7871.312
284.6568374246624,0.06561294009707497,44.275,23.966,kwadrat,wiskoza,30.0,30.0,0.3,7910.854
368.9445448531194,0.020818225771255017,70.526,37.696,trapez,bawelna,40.0,25.0,0.3,7922.299
252.61441076430066,0.22571936469113635,56.53,12.165,kwadrat,bawelna,30.0,30.0,0.3,7948.46
72.60170515878819,0.20770767673831744,20.495,12.531,kwadrat,poliester,30.0,30.0,0.3,7997.026
206.9692402862657,0.06447379111091875,68.231,29.224,trapez,mikrofibra,40.0,25.0,0.3,7978.514
143.18411414488486,0.2318314258995237,61.243,27.303,kwadrat,poliester,30.0,30.0,0.3,8012.805
482.0610219824512,0.08359291893451092,34.927,16.21,trojkat,wiskoza,35.0,30.0,0.3,8055.331
86.51713034130762,0.19785179449539814,16.554,15.443,kwadrat,bawelna,30.0,30.0,0.3,8089.147
298.71818407334536,0.17845421385057286,57.601,8.979,kwadrat,bawelna,30.0,30.0,0.3,8057.079
473.35303422639856,0.1697344664522989,61.677,25.332,kwadrat,mikrofibra,30.0,30.0,0.3,8078.335
218.2644711557661,0.025406502562592047,80.643,46.361,kwadrat,mikrofibra,30.0,30.0,0.3,8105.73
435.4417506865671,0.14784587535984736,69.918,35.456,trojkat,poliester,35.0,30.0,0.3,8151.911
290.9992166958526,0.27911952605079765,49.749,7.413,trojkat,poliester,35.0,30.0,0.3,8179.493
278.5122787814506,0.0630955668857381,88.739,25.237,trojkat,wiskoza,35.0,30.0,0.3,8165.74
475.90543091768245,0.014884312001651233,79.302,41.426,trapez,bawelna,40.0,25.0,0.3,8216.603
307.28569241468693,0.0779012516851242,85.732,32.199,trojkat,bawelna,35.0,30.0,0.3,8242.372
285.15946970153533,0.20884684354137756,94.519,25.389,trapez,bawelna,40.0,25.0,0.3,8258.974
82.88670291215675,0.06894801773928552,115.674,46.754,trapez,bawelna,40.0,25.0,0.3,8284.573
468.15262413433425,0.20839228766811832,52.382,23.374,trojkat,poliester,35.0,30.0,0.3,8371.239
275.2716070196184,0.23311478569552682,26.05,1.3,trapez,wiskoza,40.0,25.0,0.3,8398.871
134.84327258716303,0.2194489392129417,30.753,29.362,trojkat,bawelna,35.0,30.0,0.3,8423.53
481.93826122105486,0.23814543117241188,33.331,8.164,trapez,poliester,40.0,25.0,0.3,8429.116
384.0139342395892,0.0653674138880232,90.144,30.323,trapez,wiskoza,40.0,25.0,0.3,8402.626
122.20817642205189,0.2128316593901924,73.077,41.551,trapez,mikrofibra,40.0,25.0,0.3,8461.244
234.23543231765825,0.1161967553925942,65.111,17.479,kwadrat,wiskoza,30.0,30.0,0.3,8486.689
373.43282803408863,0.08918616128439795,30.414,27.216,trapez,wiskoza,40.0,25.0,0.3,8548.602
224.674567757148,0.24114146714504253,41.584,34.293,trojkat,bawelna,35.0,30.0,0.3,8571.725
434.2032147671002,0.12204144028551706,16.295,5.818,trojkat,mikrofibra,35.0,30.0,0.3,8602.832
184.12349388774942,0.10257158343164709,53.78,26.356,trapez,bawelna,40.0,25.0,0.3,8591.703
119.67287566897393,0.16711215398251053,84.519,38.497,trojkat,poliester,35.0,30.0,0.3,8599.461
186.7741305147623,0.28900809613381134,110.127,39.297,trojkat,mikrofibra,35.0,30.0,0.3,8613.15
480.9114567877178,0.15938820550527957,39.471,18.543,trapez,bawelna,40.0,25.0,0.3,8702.349
348.09530526548065,0.04561457022734754,52.946,11.808,kwadrat,mikrofibra,30.0,30.0,0.3,8700.682
263.21442277907596,0.239487959162756,65.172,24.306,kwadrat,bawelna,30.0,30.0,0.3,8712.762
473.5043656401531,0.10032035369662459,25.852,13.886,trapez,poliester,40.0,25.0,0.3,8765.968
371.490873832059,0.016681656504138186,58.496,35.177,trojkat,bawelna,35.0,30.0,0.3,8768.501
284.5832214443625,0.08595586467813689,44.069,3.719,trapez,mikrofibra,40.0,25.0,0.3,8786.647
245.2178388094383,0.22869078735028797,89.113,44.447,trojkat,poliester,35.0,30.0,0.3,8786.05
352.7163473940041,0.08890728405398651,79.204,8.851,trojkat,poliester,35.0,30.0,0.3,8804.81
293.4072517271364,0.1403043637454631,80.58,25.485,trojkat,mikrofibra,35.0,30.0,0.3,8828.919
194.75149534679687,0.07490068582206905,51.462,20.727,trapez,poliester,40.0,25.0,0.3,8878.764
95.85157462970608,0.16985420736752124,114.205,44.487,trojkat,mikrofibra,35.0,30.0,0.3,8860.508
91.43014373711395,0.18354930603096642,75.345,31.608,kwadrat,mikrofibra,30.0,30.0,0.3,8930.976
403.33529441678377,0.03890369346727061,62.732,4.578,trojkat,bawelna,35.0,30.0,0.3,8948.167
54.06731108568148,0.23877791614305072,34.311,31.762,trojkat,mikrofibra,35.0,30.0,0.3,9008.35
406.91429329853275,0.2579384024434937,80.096,44.805,trojkat,mikrofibra,35.0,30.0,0.3,9007.37
349.8734361101929,0.11676914150753653,81.336,33.726,trojkat,wiskoza,35.0,30.0,0.3,9039.856
258.9073338826512,0.17306436039336254,95.969,31.559,kwadrat,bawelna,30.0,30.0,0.3,9056.782
323.4884550137252,0.05380680308677229,91.715,20.804,trapez,wiskoza,40.0,25.0,0.3,9081.84
370.94309747717796,0.18290922754578479,39.894,2.978,kwadrat,poliester,30.0,30.0,0.3,9136.639
386.7601341495829,0.12253667442254478,55.087,38.617,trapez,bawelna,40.0,25.0,0.3,9160.063
496.9647569403338,0.2762218951027906,50.726,41.625,trapez,wiskoza,40.0,25.0,0.3,9206.049
158.88970864267043,0.09846993170350182,51.772,45.05,trapez,poliester,40.0,25.0,0.3,9250.053
233.39436396459388,0.06067625415736047,62.748,43.301,trapez,mikrofibra,40.0,25.0,0.3,9282.378
318.71988769563586,0.19951679670198932,72.778,18.285,trapez,mikrofibra,40.0,25.0,0.3,9290.633
254.4554403804448,0.07014384992791924,32.477,30.758,kwadrat,bawelna,30.0,30.0,0.3,9361.692
310.46303953037324,0.040372880131232323,90.874,35.48,trojkat,poliester,35.0,30.0,0.3,9338.775
188.04946978496355,0.0679564878108317,15.957,13.678,trapez,poliester,40.0,25.0,0.3,9427.37
431.6189403206678,0.07897420395540335,50.482,31.011,kwadrat,wiskoza,30.0,30.0,0.3,9423.856
167.1064690933532,0.16325959875111065,69.935,8.897,kwadrat,mikrofibra,30.0,30.0,0.3,9413.3
355.0159401395199,0.1797906348418313,60.332,20.635,kwadrat,bawelna,30.0,30.0,0.3,9443.538
244.76720099426117,0.11144017878731304,94.168,26.379,trapez,bawelna,40.0,25.0,0.3,9436.081
194.52296868617907,0.052394155768898866,93.668,24.789,kwadrat,poliester,30.0,30.0,0.3,9461.37
302.93275748115695,0.13015317685657327,53.689,43.725,trapez,wiskoza,40.0,25.0,0.3,9545.074
155.73803224817874,0.0980384117573332,35.479,19.381,trojkat,mikrofibra,35.0,30.0,0.3,9582.665
152.90455082162396,0.06615127903069414,48.872,8.1,kwadrat,bawelna,30.0,30.0,0.3,9577.372
311.0399756012546,0.13145358397450335,61.231,4.405,trojkat,bawelna,35.0,30.0,0.3,9569.418
53.743974002236406,0.16208895953709215,27.52,18.85,kwadrat,poliester,30.0,30.0,0.3,9621.979
317.8092537075567,0.18205408666204173,61.039,31.533,kwadrat,bawelna,30.0,30.0,0.3,9619.993
277.5353690398815,0.132632110403916,53.741,28.184,trojkat,mikrofibra,35.0,30.0,0.3,9655.475
434.7383088026634,0.18759905098633617,99.153,31.126,kwadrat,bawelna,30.0,30.0,0.3,9641.189
291.04546970641036,0.18094503603688408,91.151,38.878,kwadrat,poliester,30.0,30.0,0.3,9688.069
469.7197286597426,0.1868260209719523,78.529,34.659,kwadrat,mikrofibra,30.0,30.0,0.3,9735.35
383.8533471314218,0.10199155913797445,58.004,25.741,trapez,poliester,40.0,25.0,0.3,9781.616
397.23210994037345,0.026105165490836624,41.564,11.376,trojkat,bawelna,35.0,30.0,0.3,9809.432
139.67165141006035,0.28972416294592424,81.692,10.202,kwadrat,poliester,30.0,30.0,0.3,9779.506
95.81165732729161,0.009139105892688038,94.57,33.222,trapez,poliester,40.0,25.0,0.3,9799.85
67.51848349655035,0.15317422723786797,54.34,24.105,kwadrat,mikrofibra,30.0,30.0,0.3,9864.185
180.5204893830966,0.05175716308390862,69.818,30.006,kwadrat,wiskoza,30.0,30.0,0.3,9878.713
284.076451539838,0.09758718550852433,78.037,28.741,trojkat,mikrofibra,35.0,30.0,0.3,9899.235
292.5925487312039,0.28844769737223364,50.881,8.872,trapez,poliester,40.0,25.0,0.3,9935.263
240.1831386561241,0.13283944096312122,11.763,4.837,trapez,mikrofibra,40.0,25.0,0.3,9979.218
367.9834414454193,0.11857779462934732,36.05,27.65,trapez,bawelna,40.0,25.0,0.3,9982.581
264.6050479105865,0.2781371345593348,19.501,13.86,trojkat,wiskoza,35.0,30.0,0.3,10012.99
138.1248878604215,0.044076577075131226,89.594,32.867,trojkat,bawelna,35.0,30.0,0.3,9975.764
171.92421424236443,0.031030234458145012,8.415,1.902,trapez,poliester,40.0,25.0,0.3,10058.845
379.5804720762706,0.06899812618897215,63.888,35.341,kwadrat,mikrofibra,30.0,30.0,0.3,10038.713
395.40543283306323,0.28250759599740916,114.147,47.903,trapez,mikrofibra,40.0,25.0,0.3,10036.357
71.0833588374214,0.25740698130216877,81.494,33.537,trapez,mikrofibra,40.0,25.0,0.3,10102.547
452.9057401189262,0.19851560479318697,88.067,38.882,kwadrat,poliester,30.0,30.0,0.3,10134.856
73.25092474608249,0.17305721433981006,100.209,37.353,trapez,bawelna,40.0,25.0,0.3,10160.067
275.1805155695905,0.21453004838511,17.167,2.147,trapez,mikrofibra,40.0,25.0,0.3,10245.256
75.46354526602204,0.06271781211205381,49.252,47.372,trojkat,wiskoza,35.0,30.0,0.3,10260.543
81.07065784156987,0.03085277764724301,56.31,41.017,kwadrat,poliester,30.0,30.0,0.3,10294.502
412.29064332304824,0.28155893504193913,34.922,15.631,kwadrat,poliester,30.0,30.0,0.3,10331.521
259.83939026307655,0.06561416667196175,41.079,7.229,kwadrat,bawelna,30.0,30.0,0.3,10332.593
79.5626865294646,0.29192303937368946,47.851,5.088,kwadrat,poliester,30.0,30.0,0.3,10330.909
158.17951080207808,0.11935971090522815,59.045,23.632,kwadrat,wiskoza,30.0,30.0,0.3,10343.347
427.5487974731048,0.24629430518974224,42.758,21.929,trapez,bawelna,40.0,25.0,0.3,10381.563
345.54022856355067,0.19853331974149155,65.836,2.428,trapez,poliester,40.0,25.0,0.3,10360.913
52.39106405075567,0.12197716120784168,68.523,33.667,trojkat,wiskoza,35.0,30.0,0.3,10391.893
354.8940203565289,0.2588990494076616,56.098,11.363,kwadrat,poliester,30.0,30.0,0.3,10415.681
227.80890842517647,0.23373077591873603,28.139,11.98,trapez,bawelna,40.0,25.0,0.3,10455.62
180.13435083317742,0.24169464160900256,81.26,19.373,trojkat,mikrofibra,35.0,30.0,0.3,10421.872
365.9657432818232,0.12335714276084732,37.46,5.189,kwadrat,mikrofibra,30.0,30.0,0.3,10470.861
76.03000225122227,0.09787617541234403,45.616,4.809,kwadrat,wiskoza,30.0,30.0,0.3,10467.514
312.3167255619184,0.1889461963304123,54.487,19.262,trojkat,poliester,35.0,30.0,0.3,10477.905
273.5129402680759,0.25346140432656866,13.548,7.43,trojkat,wiskoza,35.0,30.0,0.3,10526.274
175.03374924037053,0.13773720698600425,55.978,7.564,kwadrat,mikrofibra,30.0,30.0,0.3,10491.408
458.7028199151453,0.21863341633519423,75.714,22.14,trojkat,bawelna,35.0,30.0,0.3,10493.812
387.92290926349324,0.24708708322469203,89.081,23.976,trojkat,poliester,35.0,30.0,0.3,10504.421
177.12322968778352,0.007491498635114879,41.895,29.201,trapez,wiskoza,40.0,25.0,0.3,10580.808
107.5400605500879,0.18343908336769824,68.456,2.485,kwadrat,wiskoza,30.0,30.0,0.3,10556.732
224.52174046261905,0.03929212289825222,79.692,44.37,trojkat,poliester,35.0,30.0,0.3,10589.866
231.9303862646911,0.12700054324595925,83.307,11.889,trojkat,bawelna,35.0,30.0,0.3,10598.14
431.79142059073615,0.023681820883966663,80.071,35.385,trojkat,poliester,35.0,30.0,0.3,10636.761
271.789063001351,0.009523129611896585,100.164,47.585,trapez,wiskoza,40.0,25.0,0.3,10664.253
281.2345088930455,0.19905707817403567,50.867,17.259,trapez,mikrofibra,40.0,25.0,0.3,10730.809
161.30314211858752,0.1713781409811292,24.417,21.031,trapez,poliester,40.0,25.0,0.3,10778.29
391.4493141907963,0.04820387541355355,42.919,23.557,kwadrat,mikrofibra,30.0,30.0,0.3,10783.345
154.57294537522154,0.09735354005260262,88.148,34.795,trojkat,poliester,35.0,30.0,0.3,10772.911
60.617734090488106,0.06323793046500858,37.383,7.087,trapez,poliester,40.0,25.0,0.3,10830.763
299.0170353873973,0.17159876348507783,35.201,10.018,trapez,bawelna,40.0,25.0,0.3,10842.963
128.8497974476223,0.2731817151643265,68.078,28.353,trapez,mikrofibra,40.0,25.0,0.3,10838.439
312.69775123135025,0.22535314108621282,85.907,32.971,trojkat,poliester,35.0,30.0,0.3,10853.581
225.2322225404939,0.14355851097585676,74.825,19.737,trapez,bawelna,40.0,25.0,0.3,10884.4
275.280920631688,0.19785323059223106,75.593,35.688,kwadrat,bawelna,30.0,30.0,0.3,10919.32
464.44753449345916,0.0814899543823109,32.019,23.873,trojkat,mikrofibra,35.0,30.0,0.3,10986.767
362.5679422639784,0.057182949922334934,60.082,42.051,trapez,mikrofibra,40.0,25.0,0.3,11000.755
136.21682558067158,0.24826591568221407,19.283,6.513,trojkat,bawelna,35.0,30.0,0.3,11048.067
394.4960377321374,0.20354999048779135,83.847,45.002,kwadrat,mikrofibra,30.0,30.0,0.3,11028.505
194.67306556154688,0.0793905080776072,99.769,35.431,kwadrat,mikrofibra,30.0,30.0,0.3,11048.014
170.98408147198708,0.03007366911686299,114.12,46.258,kwadrat,mikrofibra,30.0,30.0,0.3,11079.921
340.9064337370687,0.025531045835935604,69.22,5.3,trojkat,poliester,35.0,30.0,0.3,11130.121
331.1527382552311,0.26375573178037426,88.841,24.288,kwadrat,mikrofibra,30.0,30.0,0.3,11134.788
401.1692556069412,0.08056865023609278,86.511,41.52,kwadrat,mikrofibra,30.0,30.0,0.3,11178.638
306.29290080519667,0.17031819537931636,61.582,17.257,trapez,mikrofibra,40.0,25.0,0.3,11220.824
210.70452168522627,0.04634766120147774,82.752,30.432,trojkat,wiskoza,35.0,30.0,0.3,11230.086
102.89808506759898,0.07794844138208984,101.911,32.466,kwadrat,poliester,30.0,30.0,0.3,11243.393
490.33646077511327,0.08638360280279773,91.426,30.683,trojkat,poliester,35.0,30.0,0.3,11284.561
352.60722411126295,0.2473414552813647,33.95,32.406,kwadrat,bawelna,30.0,30.0,0.3,11374.443
210.66320478650547,0.05253694203910597,61.972,13.843,kwadrat,poliester,30.0,30.0,0.3,11360.264
421.1344568061534,0.015186741680722237,79.385,40.473,trojkat,wiskoza,35.0,30.0,0.3,11383.324
489.2062204756461,0.2407920937058789,47.919,46.548,kwadrat,mikrofibra,30.0,30.0,0.3,11461.338
139.6468737023239,0.2098918708866365,62.53,1.84,trapez,bawelna,40.0,25.0,0.3,11448.567
120.7729436808719,0.15968756278543633,54.937,21.252,kwadrat,bawelna,30.0,30.0,0.3,11477.412
161.76931716641008,0.2013279471257928,43.393,12.444,kwadrat,mikrofibra,30.0,30.0,0.3,11501.4
414.8953614535633,0.019849556650332133,61.93,2.561,trojkat,mikrofibra,35.0,30.0,0.3,11485.424
55.138092554333134,0.16998157767163888,71.841,25.196,trapez,bawelna,40.0,25.0,0.3,11500.709
229.02648147597063,0.028132957877104944,75.834,31.628,trojkat,wiskoza,35.0,30.0,0.3,11528.344
262.5268118733418,0.08258646403555804,98.191,42.063,trapez,mikrofibra,40.0,25.0,0.3,11548.05
240.2278866022695,0.29134527221048573,39.072,33.553,trapez,wiskoza,40.0,25.0,0.3,11640.722
454.3522721036777,0.0688097331113017,93.16,42.771,trojkat,wiskoza,35.0,30.0,0.3,11629.405
487.88517333754976,0.22172009278181176,96.422,34.562,kwadrat,poliester,30.0,30.0,0.3,11660.705
334.5269691369379,0.06637160893381919,64.086,41.792,trojkat,poliester,35.0,30.0,0.3,11734.833
50.0606118520184,0.22445517361465392,64.737,38.908,kwadrat,bawelna,30.0,30.0,0.3,11773.09
245.11225668467645,0.25339977272706726,66.636,41.577,kwadrat,poliester,30.0,30.0,0.3,11812.768
355.8291497307985,0.25866089209745663,17.351,14.491,trojkat,mikrofibra,35.0,30.0,0.3,11876.544
92.92967479094477,0.2612007102376553,84.56,13.888,trapez,poliester,40.0,25.0,0.3,11823.223
231.2929771846867,0.2817205438350875,26.222,14.569,trojkat,bawelna,35.0,30.0,0.3,11896.13
450.5967511862785,0.25144649249659273,100.452,47.423,kwadrat,mikrofibra,30.0,30.0,0.3,11869.323
208.87267622013607,0.13471163037903774,39.153,14.708,trojkat,bawelna,35.0,30.0,0.3,11945.33
474.6657167690994,0.05558110661499711,67.384,2.04,trapez,bawelna,40.0,25.0,0.3,11919.139
356.05034845113767,0.28029123425024705,38.878,18.224,trojkat,wiskoza,35.0,30.0,0.3,11965.869
232.03732350824137,0.2470656679835457,27.727,6.739,trapez,poliester,40.0,25.0,0.3,11983.759
215.8020139624605,0.004977744189779365,72.195,23.727,trapez,wiskoza,40.0,25.0,0.3,11963.018
200.32248455094614,0.17328952630332678,67.658,45.02,kwadrat,wiskoza,30.0,30.0,0.3,12012.575
347.7579297799354,0.10228757143066748,114.532,47.759,kwadrat,poliester,30.0,30.0,0.3,12013.46
295.0170497601183,0.1065959245421663,83.85,24.272,kwadrat,poliester,30.0,30.0,0.3,12068.414
147.08330562940435,0.19078209804801324,50.706,37.109,trojkat,bawelna,35.0,30.0,0.3,12138.667
330.6419502306197,0.07660091212897324,64.399,31.919,trapez,bawelna,40.0,25.0,0.3,12156.893
361.433141160966,0.24551412743386056,59.556,27.029,trapez,wiskoza,40.0,25.0,0.3,12188.765
141.18468536090444,0.2874354026758301,61.138,26.591,trojkat,mikrofibra,35.0,30.0,0.3,12213.774
97.41421501288542,0.1583032398665085,69.841,38.164,kwadrat,poliester,30.0,30.0,0.3,12243.235
152.7059135721646,0.22778775207554208,55.346,20.197,kwadrat,poliester,30.0,30.0,0.3,12277.927
303.833312975083,0.17907320716399683,83.871,44.28,kwadrat,mikrofibra,30.0,30.0,0.3,12293.682
276.1840591835587,0.17497571769376702,49.422,13.916,trapez,bawelna,40.0,25.0,0.3,12342.047
478.17081957955423,0.20641366712223866,84.927,38.742,trapez,bawelna,40.0,25.0,0.3,12345.284
382.06282700931143,0.048067680292951886,60.215,33.013,trapez,poliester,40.0,25.0,0.3,12403.009
200.13277812658956,0.2305743992739606,19.018,9.156,kwadrat,bawelna,30.0,30.0,0.3,12453.362
245.4814935529744,0.14520617175282122,48.933,19.745,trapez,mikrofibra,40.0,25.0,0.3,12443.192
114.27888416644934,0.004860119201840163,55.92,45.037,kwadrat,poliester,30.0,30.0,0.3,12481.242
163.89569263082393,0.12096318995514682,37.012,22.089,trapez,bawelna,40.0,25.0,0.3,12522.239
413.70584450415,0.27235155416506024,11.103,9.242,kwadrat,poliester,30.0,30.0,0.3,12557.39
126.44645272283088,0.19855037553419944,47.689,25.771,kwadrat,bawelna,30.0,30.0,0.3,12546.575
298.6254353335501,0.26643545668021074,51.159,13.791,trapez,bawelna,40.0,25.0,0.3,12556.896
375.54964805971036,0.17827254819257915,107.37,41.799,kwadrat,poliester,30.0,30.0,0.3,12542.484
396.5711952906932,0.26920975973727956,101.708,47.761,kwadrat,mikrofibra,30.0,30.0,0.3,12595.907
367.4573736275688,0.2924071788145654,83.995,39.502,kwadrat,wiskoza,30.0,30.0,0.3,12653.122
431.1773721427548,0.021310466713200638,42.282,13.483,trojkat,poliester,35.0,30.0,0.3,12708.318
82.80582591555658,0.07921859540811563,54.962,19.297,trojkat,bawelna,35.0,30.0,0.3,12714.935
84.01262623433014,0.12096232683997565,34.64,11.137,trojkat,poliester,35.0,30.0,0.3,12746.394
398.905767681411,0.2988473020496336,12.325,5.304,trojkat,wiskoza,35.0,30.0,0.3,12774.013
79.90849659932246,0.15764109220676795,17.25,6.705,kwadrat,bawelna,30.0,30.0,0.3,12775.793
149.0500966571389,0.08877960883098483,36.891,21.657,trojkat,bawelna,35.0,30.0,0.3,12777.809
338.7804787843512,0.14463962967595256,89.219,45.735,kwadrat,wiskoza,30.0,30.0,0.3,12771.216
266.400565971354,0.22507972918165267,58.088,43.023,trojkat,bawelna,35.0,30.0,0.3,12845.37
314.41364199923083,0.06613380127362568,5.512,1.271,kwadrat,poliester,30.0,30.0,0.3,12899.217
413.13447089779714,0.25203242353176,51.083,30.695,trojkat,poliester,35.0,30.0,0.3,12884.341
264.3966438547062,0.19859068343816058,79.931,11.102,kwadrat,mikrofibra,30.0,30.0,0.3,12866.595
446.7607753295786,0.16496056883286156,88.191,31.173,kwadrat,mikrofibra,30.0,30.0,0.3,12889.508
295.8936422350313,0.24029421012100946,79.241,31.867,kwadrat,mikrofibra,30.0,30.0,0.3,12930.325
50.663219938840136,0.21481499197264334,58.399,43.056,trapez,mikrofibra,40.0,25.0,0.3,12994.223
69.75497418935231,0.05854995516559512,57.063,37.653,trapez,mikrofibra,40.0,25.0,0.3,13033.212
313.63915480408366,0.010102921162339207,83.039,35.225,trapez,mikrofibra,40.0,25.0,0.3,13042.461
411.3509323810267,0.20388995471854307,40.903,24.943,kwadrat,mikrofibra,30.0,30.0,0.3,13109.54
370.67959989433075,0.2503715370766883,45.368,8.499,trojkat,wiskoza,35.0,30.0,0.3,13113.574
379.7145727656262,0.1077626240948071,62.736,2.849,trapez,mikrofibra,40.0,25.0,0.3,13099.055
412.02258909432004,0.04298443761079233,97.061,47.233,kwadrat,mikrofibra,30.0,30.0,0.3,13111.963
150.06258713667663,0.10814235154246617,86.244,22.167,trojkat,mikrofibra,35.0,30.0,0.3,13144.947
243.02495004356493,0.08683185648584638,80.037,40.576,kwadrat,bawelna,30.0,30.0,0.3,13191.73
151.42157060304464,0.2427070920875029,42.078,17.347,trapez,wiskoza,40.0,25.0,0.3,13247.036
323.4887073930436,0.08119318259452969,77.032,17.336,kwadrat,wiskoza,30.0,30.0,0.3,13229.418
237.09879658549485,0.2598304636133504,66.692,26.378,trapez,wiskoza,40.0,25.0,0.3,13266.136
142.3998224180599,0.12530009874509843,32.031,24.367,trojkat,bawelna,35.0,30.0,0.3,13325.164
296.7886233471032,0.08800602643230294,57.856,7.686,trapez,bawelna,40.0,25.0,0.3,13307.025
124.37802056433084,0.2658258326440549,76.003,47.725,trapez,poliester,40.0,25.0,0.3,13336.603
397.76430798065184,0.2144156500506108,64.554,12.241,kwadrat,mikrofibra,30.0,30.0,0.3,13360.293
181.9888748512541,0.018718220579483167,19.804,8.233,trojkat,mikrofibra,35.0,30.0,0.3,13413.276
218.96101780992518,0.0775774773404352,116.899,46.266,kwadrat,poliester,30.0,30.0,0.3,13362.447
397.8146668442518,0.22122782573120317,74.105,17.456,trapez,mikrofibra,40.0,25.0,0.3,13422.697
166.42023896994843,0.25326369758584294,86.024,18.869,kwadrat,mikrofibra,30.0,30.0,0.3,13429.647
146.48291734692407,0.2416290129137937,74.753,44.571,trapez,wiskoza,40.0,25.0,0.3,13485.489
87.59945187981039,0.20171515298751108,82.119,27.428,trapez,bawelna,40.0,25.0,0.3,13505.551
145.39732461439613,0.20914074176754277,84.336,23.554,trojkat,mikrofibra,35.0,30.0,0.3,13526.888
256.84919168119757,0.29683533928951694,50.994,13.211,trojkat,wiskoza,35.0,30.0,0.3,13573.441
344.35973166254314,0.16697352855064598,76.058,20.464,kwadrat,mikrofibra,30.0,30.0,0.3,13568.841
143.99722580232367,0.13642930276579832,63.41,42.111,kwadrat,poliester,30.0,30.0,0.3,13623.6
476.1908001988336,0.04932165872366362,58.454,9.445,kwadrat,mikrofibra,30.0,30.0,0.3,13638.001
377.1755427269255,0.17882458657149178,80.668,34.644,trojkat,bawelna,35.0,30.0,0.3,13650.431
111.47040664302767,0.1365515975200969,16.288,12.223,trojkat,mikrofibra,35.0,30.0,0.3,13727.034
333.30096360128147,0.020176774190210356,78.613,9.701,kwadrat,mikrofibra,30.0,30.0,0.3,13674.41
398.29612016874313,0.05899607548588761,63.873,37.64,kwadrat,wiskoza,30.0,30.0,0.3,13726.79
422.37784394294954,0.26866885443955163,66.55,41.75,trapez,wiskoza,40.0,25.0,0.3,13765.863
245.06250474003548,0.18941259781447528,106.147,46.394,kwadrat,wiskoza,30.0,30.0,0.3,13772.66
462.8686294093956,0.04322363580395987,101.957,30.075,trapez,wiskoza,40.0,25.0,0.3,13806.925
124.58667963434932,0.2019276392733651,30.776,9.239,kwadrat,poliester,30.0,30.0,0.3,13887.345
270.9930782224243,0.23621158744478188,25.021,20.916,trojkat,bawelna,35.0,30.0,0.3,13914.016
479.80184328126563,0.02309150081426222,76.917,19.008,trapez,wiskoza,40.0,25.0,0.3,13881.128
96.15558316261541,0.15898217607906986,51.879,5.026,kwadrat,mikrofibra,30.0,30.0,0.3,13911.192
252.20738391783894,0.07787293478251475,50.773,4.531,trapez,mikrofibra,40.0,25.0,0.3,13916.829
442.1363153858844,0.17039228919482416,62.227,34.219,trojkat,wiskoza,35.0,30.0,0.3,13939.594
406.6678023297725,0.04236706301194484,56.219,36.638,kwadrat,poliester,30.0,30.0,0.3,13982.24
345.4839831685442,0.23083466822461413,71.977,38.437,kwadrat,poliester,30.0,30.0,0.3,14004.919
242.4206001665018,0.04063786103840724,105.59,42.558,trojkat,bawelna,35.0,30.0,0.3,14013.864
352.7922508691359,0.18105864195033627,73.694,14.389,trojkat,bawelna,35.0,30.0,0.3,14060.149
140.12690804043166,0.09216492510638126,29.565,20.437,kwadrat,mikrofibra,30.0,30.0,0.3,14124.715
373.2490289174018,0.29097795760355727,83.482,47.865,trapez,wiskoza,40.0,25.0,0.3,14118.663
309.7051637172444,0.2281726927365847,98.838,36.768,trojkat,mikrofibra,35.0,30.0,0.3,14140.075
205.40387851019952,0.22047775421846824,55.987,10.901,trojkat,wiskoza,35.0,30.0,0.3,14193.827
190.33873606259743,0.2658280305939624,24.112,9.763,trojkat,poliester,35.0,30.0,0.3,14235.465
162.48062587892957,0.0678237213031688,55.948,24.348,kwadrat,mikrofibra,30.0,30.0,0.3,14227.977
453.0536499284504,0.297588824171593,51.545,22.019,kwadrat,wiskoza,30.0,30.0,0.3,14254.399
95.85189539282155,0.2498789146722684,26.391,22.784,kwadrat,bawelna,30.0,30.0,0.3,14302.337
174.34359880963413,0.09098576725478487,45.527,2.409,trapez,bawelna,40.0,25.0,0.3,14285.61
483.5746583994147,0.19771362303966972,52.253,11.841,trapez,wiskoza,40.0,25.0,0.3,14290.725
258.84282175407674,0.26487444495561663,40.583,25.096,trapez,bawelna,40.0,25.0,0.3,14327.491
327.5526235336435,0.1639375625184373,34.981,6.729,trapez,bawelna,40.0,25.0,0.3,14339.822
141.56273412391812,0.013499046370627309,64.594,36.946,trapez,mikrofibra,40.0,25.0,0.3,14347.155
404.3241620385498,0.04890573414446586,46.19,3.04,trapez,wiskoza,40.0,25.0,0.3,14368.599
444.14738758267566,0.009031161663395681,67.7,10.407,kwadrat,wiskoza,30.0,30.0,0.3,14357.496
296.9863992848102,0.2076033767839964,65.206,10.675,kwadrat,poliester,30.0,30.0,0.3,14370.665
451.6512023689135,0.21737948605428867,53.2,37.653,trojkat,bawelna,35.0,30.0,0.3,14420.324
481.00541044469173,0.08981501211160449,55.196,11.349,trapez,mikrofibra,40.0,25.0,0.3,14429.677
340.1746718100412,0.005743460399051004,73.989,14.926,trapez,mikrofibra,40.0,25.0,0.3,14425.81
283.65105685109233,0.20138124756873974,80.349,36.54,kwadrat,poliester,30.0,30.0,0.3,14455.99
288.9219552854422,0.025369613429171354,53.35,45.308,trojkat,wiskoza,35.0,30.0,0.3,14528.297
375.2319885074621,0.1691758700266871,13.58,8.145,trojkat,bawelna,35.0,30.0,0.3,14576.212
330.0861387046985,0.259397676557442,70.542,13.55,trapez,bawelna,40.0,25.0,0.3,14532.8
377.9876490214761,0.00019601722838986644,72.575,19.687,kwadrat,mikrofibra,30.0,30.0,0.3,14550.454
226.60618380326602,0.07144399609970889,103.219,41.825,kwadrat,wiskoza,30.0,30.0,0.3,14561.635
279.00075001597514,0.12335924666476374,44.842,18.439,trojkat,mikrofibra,35.0,30.0,0.3,14638.451
192.0323046935075,0.050918528573076945,67.045,14.5,trojkat,mikrofibra,35.0,30.0,0.3,14630.748
386.3499829685123,0.08351054449879698,77.18,35.001,kwadrat,poliester,30.0,30.0,0.3,14655.614
336.17961822367783,0.16902250934515622,73.578,41.763,kwadrat,poliester,30.0,30.0,0.3,14700.979
485.1658738652658,0.03133635543004541,83.904,16.284,trapez,mikrofibra,40.0,25.0,0.3,14706.937
166.79380242924066,0.17379433999858135,40.793,30.183,trapez,poliester,40.0,25.0,0.3,14780.231
201.02470442142922,0.1594364742567916,56.298,30.279,kwadrat,wiskoza,30.0,30.0,0.3,14795.005
226.3367179346117,0.26697401290885875,55.37,19.658,trojkat,poliester,35.0,30.0,0.3,14815.591
215.5036944902688,0.2882760440786474,61.978,19.063,trojkat,poliester,35.0,30.0,0.3,14828.046
469.81618815635244,0.2653760664688841,62.691,2.885,trapez,wiskoza,40.0,25.0,0.3,14830.218
358.31043944351785,0.12783637138566922,84.38,26.695,trapez,wiskoza,40.0,25.0,0.3,14835.224
344.8281715359521,0.29214012400714484,75.883,28.571,kwadrat,poliester,30.0,30.0,0.3,14872.292
426.2529664432619,0.20475973786131646,77.002,38.131,kwadrat,poliester,30.0,30.0,0.3,14909.304
288.34687577552893,0.1722862725270633,54.208,40.11,kwadrat,bawelna,30.0,30.0,0.3,14972.208
429.49677550454743,0.12871871079079977,15.08,4.803,trojkat,wiskoza,35.0,30.0,0.3,15016.139
471.326279661017,0.27793913938685544,94.79,29.716,trojkat,poliester,35.0,30.0,0.3,14966.145
406.2011911661165,0.06788172900095586,91.052,33.663,trojkat,mikrofibra,35.0,30.0,0.3,15003.546
75.27923480634756,0.0033907609767067416,81.644,39.663,trapez,bawelna,40.0,25.0,0.3,15052.617
295.0236315967393,0.1504553881050499,86.273,47.828,trapez,poliester,40.0,25.0,0.3,15095.816
394.9317722896631,0.209349835651551,37.511,15.254,trojkat,mikrofibra,35.0,30.0,0.3,15159.832
321.6367402517188,0.10639986149552484,71.146,33.408,kwadrat,bawelna,30.0,30.0,0.3,15159.605
304.28839060374037,0.11021721860912113,72.405,33.603,trapez,mikrofibra,40.0,25.0,0.3,15191.949
113.14603318708174,0.08874722924896081,40.886,39.257,kwadrat,wiskoza,30.0,30.0,0.3,15262.725
373.30427629514753,0.03561272865273344,103.561,46.582,trapez,mikrofibra,40.0,25.0,0.3,15246.632
231.62045106271606,0.12232443150081967,93.532,21.856,trojkat,wiskoza,35.0,30.0,0.3,15278.517
345.80906697655786,0.19459168703064467,83.216,30.493,kwadrat,bawelna,30.0,30.0,0.3,15319.326
144.1334594335675,0.14777072122598928,87.217,26.44,trapez,bawelna,40.0,25.0,0.3,15341.765
127.2622584674523,0.1282459362270804,58.963,36.498,kwadrat,poliester,30.0,30.0,0.3,15406.517
249.1454816666355,0.06944256412958943,64.122,11.72,trojkat,mikrofibra,35.0,30.0,0.3,15413.078
196.382810310364,0.10301601065329326,70.67,12.614,trojkat,mikrofibra,35.0,30.0,0.3,15419.144
72.49056289685544,0.14495425899410055,60.474,46.261,trojkat,bawelna,35.0,30.0,0.3,15475.601
99.6943385349962,0.24970906189829847,71.294,11.902,trojkat,bawelna,35.0,30.0,0.3,15476.683
246.47638539594473,0.16534798857491162,6.235,1.546,trojkat,mikrofibra,35.0,30.0,0.3,15543.288
437.76090670430534,0.1026322862590782,46.525,20.821,kwadrat,poliester,30.0,30.0,0.3,15523.819
406.74115110776575,0.25966871495166105,92.698,47.631,kwadrat,bawelna,30.0,30.0,0.3,15525.277
74.58548900043753,0.2654565353088013,65.426,41.936,trojkat,wiskoza,35.0,30.0,0.3,15594.485
489.78855859617664,0.05485133396064513,92.126,37.209,trapez,poliester,40.0,25.0,0.3,15604.994
81.72137553941509,0.08144760076281339,59.967,11.187,trojkat,poliester,35.0,30.0,0.3,15648.34
63.12639364036901,0.1881986805272034,67.685,20.239,trapez,wiskoza,40.0,25.0,0.3,15660.861
131.72628549047118,0.055719921601555686,41.964,11.303,kwadrat,bawelna,30.0,30.0,0.3,15697.885
347.45641441129413,0.29042291443522006,36.698,34.802,trapez,mikrofibra,40.0,25.0,0.3,15737.953
173.6167167715514,0.1614068116091709,107.166,47.116,kwadrat,mikrofibra,30.0,30.0,0.3,15714.601
217.63997319179788,0.28959081708911993,92.75,31.119,trapez,bawelna,40.0,25.0,0.3,15760.136
354.6233523485768,0.04477484092244217,53.338,4.263,trapez,wiskoza,40.0,25.0,0.3,15803.811
402.69192911784825,0.1432051194367204,53.885,44.892,trapez,bawelna,40.0,25.0,0.3,15848.156
118.21778366004472,0.10352512365397011,60.014,38.628,trojkat,mikrofibra,35.0,30.0,0.3,15880.655
170.84019023042327,0.18383875066095312,90.352,41.839,kwadrat,bawelna,30.0,30.0,0.3,15892.156
210.5986888269996,0.028608276381901065,61.025,33.672,trapez,wiskoza,40.0,25.0,0.3,15955.155
387.49000930343186,0.00487303296283611,102.895,42.67,kwadrat,bawelna,30.0,30.0,0.3,15955.955
411.5919467581715,0.18179909018130763,86.204,23.892,trojkat,wiskoza,35.0,30.0,0.3,15996.538
359.884233188544,0.2540661673286858,78.975,39.42,kwadrat,mikrofibra,30.0,30.0,0.3,16043.187
467.1997829862923,0.09192984681101148,42.108,32.375,trapez,bawelna,40.0,25.0,0.3,16112.429
160.408541374795,0.0243688904420018,103.116,32.251,kwadrat,wiskoza,30.0,30.0,0.3,16083.672
478.7667576511277,0.2257405012759483,38.602,7.035,trapez,poliester,40.0,25.0,0.3,16155.221
450.88499074241605,0.24730513417480482,98.336,33.43,kwadrat,bawelna,30.0,30.0,0.3,16128.917
245.30943771894147,0.07535078026452038,38.876,17.039,kwadrat,poliester,30.0,30.0,0.3,16205.416
379.7300636537743,0.2970996911380945,83.325,23.836,trojkat,bawelna,35.0,30.0,0.3,16184.803
51.96347134263909,0.2270190501205704,54.162,11.81,trojkat,poliester,35.0,30.0,0.3,16225.776
497.66868228467797,0.058925764761605215,87.079,34.284,trapez,poliester,40.0,25.0,0.3,16227.143
104.0932531042593,0.29201478574944634,88.647,19.623,trapez,mikrofibra,40.0,25.0,0.3,16245.198
324.50333768576854,0.054533660165208574,64.007,35.707,kwadrat,mikrofibra,30.0,30.0,0.3,16305.545
276.38777785092634,0.00934472783801732,39.775,6.01,trojkat,mikrofibra,35.0,30.0,0.3,16335.787
56.927701261088814,0.19062430705857294,58.213,33.687,trojkat,bawelna,35.0,30.0,0.3,16351.036
488.3874997173607,0.115679277754,85.347,42.241,trojkat,mikrofibra,35.0,30.0,0.3,16366.143
276.40961264819305,0.24162969878999588,22.29,16.198,trapez,poliester,40.0,25.0,0.3,16445.398
225.9647911073294,0.04686045237917978,113.818,44.577,kwadrat,wiskoza,30.0,30.0,0.3,16398.447
158.6915787657568,0.11909764866224223,19.69,10.444,trojkat,wiskoza,35.0,30.0,0.3,16503.019
411.71654533705106,0.00835567224632232,56.766,26.828,trapez,wiskoza,40.0,25.0,0.3,16492.771
401.820738505221,0.06349076957095835,48.179,15.981,kwadrat,wiskoza,30.0,30.0,0.3,16517.339
336.959711103171,0.011780824272495693,76.237,39.21,trapez,poliester,40.0,25.0,0.3,16528.491
138.6165670040428,0.22873408760246053,40.437,4.188,kwadrat,wiskoza,30.0,30.0,0.3,16568.479
161.4018966259489,0.12006368275490159,96.615,44.918,trojkat,poliester,35.0,30.0,0.3,16557.219
55.47054716482406,0.10425563859412638,100.809,38.866,kwadrat,wiskoza,30.0,30.0,0.3,16591.891
91.68146737311524,0.12939051190230438,83.38,25.397,kwadrat,wiskoza,30.0,30.0,0.3,16634.717
101.92758898051281,0.20672629612446888,84.863,15.247,trojkat,poliester,35.0,30.0,0.3,16648.481
205.33649382239471,0.15165262811695918,86.199,32.967,trojkat,poliester,35.0,30.0,0.3,16680.112
69.09003419310126,0.1733673338082265,64.371,2.441,kwadrat,poliester,30.0,30.0,0.3,16704.381
391.55237713486895,0.002063388665894794,70.36,35.907,trapez,poliester,40.0,25.0,0.3,16734.299
209.42209724774705,0.04689509121265826,95.054,26.184,kwadrat,poliester,30.0,30.0,0.3,16735.789
110.423682906024,0.1375294272394314,50.159,8.556,trapez,mikrofibra,40.0,25.0,0.3,16789.24
99.94914445609167,0.12745525286042608,48.536,32.257,kwadrat,mikrofibra,30.0,30.0,0.3,16823.12
405.1817817438585,0.2612065366372318,84.604,34.727,trojkat,bawelna,35.0,30.0,0.3,16821.779
58.15581847057838,0.07590790227607597,65.783,24.357,trojkat,mikrofibra,35.0,30.0,0.3,16864.957
181.57239968548691,0.01181755010784582,54.393,43.301,kwadrat,poliester,30.0,30.0,0.3,16919.648
427.910722998992,0.12853737115463862,42.117,4.44,kwadrat,wiskoza,30.0,30.0,0.3,16936.364
212.02270965544025,0.1948526789122342,48.035,29.946,kwadrat,bawelna,30.0,30.0,0.3,16960.392
171.86284761663768,0.2840268734076722,69.273,3.833,kwadrat,bawelna,30.0,30.0,0.3,16942.987
257.7722647159036,0.20731674382177853,94.732,35.087,kwadrat,poliester,30.0,30.0,0.3,16952.615
168.92431842138768,0.020535135769805035,42.273,33.113,trapez,wiskoza,40.0,25.0,0.3,17038.187
114.29418260273528,0.27028826870714034,21.925,17.966,kwadrat,bawelna,30.0,30.0,0.3,17076.501
341.51785069573776,0.20968464854621569,89.753,29.052,trojkat,wiskoza,35.0,30.0,0.3,17037.725
116.13321931469436,0.14536139852400323,43.416,31.947,kwadrat,wiskoza,30.0,30.0,0.3,17116.009
425.9661015839875,0.17178216986460673,68.208,5.202,trapez,mikrofibra,40.0,25.0,0.3,17096.419
151.71304901719986,0.24448191856216175,59.336,2.466,trapez,poliester,40.0,25.0,0.3,17107.757
102.74175755610504,0.16685720778900348,43.583,17.926,trapez,poliester,40.0,25.0,0.3,17141.436
124.58740091907016,0.14681776122197662,37.534,6.028,trapez,bawelna,40.0,25.0,0.3,17153.513
244.4085174175277,0.2797664635257936,79.826,15.473,kwadrat,wiskoza,30.0,30.0,0.3,17126.694
455.8730885371175,0.2785891686346182,65.256,16.834,kwadrat,bawelna,30.0,30.0,0.3,17158.098
463.78896109522236,0.14583914556447722,44.136,18.321,trojkat,poliester,35.0,30.0,0.3,17197.539
365.5264377156169,0.08998262093310679,77.7,7.184,trapez,bawelna,40.0,25.0,0.3,17171.159
122.61326047492267,0.07215947555404462,6.485,3.827,kwadrat,poliester,30.0,30.0,0.3,17246.201
478.49980356391757,0.22616042481297388,18.7,4.393,trapez,poliester,40.0,25.0,0.3,17238.379
80.80642370011012,0.1254434364488399,56.428,25.683,trojkat,wiskoza,35.0,30.0,0.3,17226.334
367.0494926123504,0.19692288105019706,47.349,9.326,trojkat,wiskoza,35.0,30.0,0.3,17244.739
58.69743391292047,0.17785205415243305,56.738,22.968,trapez,bawelna,40.0,25.0,0.3,17258.318
78.21032972983964,0.012105248057909912,31.989,24.003,trojkat,mikrofibra,35.0,30.0,0.3,17307.07
80.75894013948138,0.24620884823003378,85.219,22.253,trojkat,poliester,35.0,30.0,0.3,17276.093
209.4912269568747,0.14776061421428677,99.241,35.044,kwadrat,mikrofibra,30.0,30.0,0.3,17297.115
179.33431840951087,0.24084328044735015,60.604,21.105,trapez,bawelna,40.0,25.0,0.3,17356.857
388.2861465781282,0.20290832036181722,24.72,3.928,trapez,poliester,40.0,25.0,0.3,17396.669
484.25691625451236,0.20274687753122209,71.012,20.125,kwadrat,mikrofibra,30.0,30.0,0.3,17370.502
51.7189651963624,0.039024200948684085,102.691,47.42,trojkat,wiskoza,35.0,30.0,0.3,17386.243
368.18891477001415,0.08158381182553462,90.298,29.348,trojkat,mikrofibra,35.0,30.0,0.3,17427.984
57.62644920031145,0.009007801598817844,48.111,44.604,trapez,poliester,40.0,25.0,0.3,17514.775
357.1777495505311,0.1672011508719024,66.026,21.437,kwadrat,poliester,30.0,30.0,0.3,17518.297
283.4154474712677,0.20515993555060297,50.657,32.651,kwadrat,bawelna,30.0,30.0,0.3,17566.317
413.01208386263266,0.01854253820676679,55.621,9.56,trapez,mikrofibra,40.0,25.0,0.3,17570.913
474.2259435923505,0.06975179766234936,82.142,33.113,trapez,poliester,40.0,25.0,0.3,17577.505
251.45304143468826,0.125582182475499,64.197,35.945,trojkat,poliester,35.0,30.0,0.3,17631.395
110.2227633498619,0.1730107196573269,23.822,21.962,trojkat,poliester,35.0,30.0,0.3,17693.732
81.05341667576734,0.20321793896666182,55.592,16.344,trojkat,bawelna,35.0,30.0,0.3,17678.306
463.29189446543387,0.14042071627028704,75.394,37.233,trojkat,bawelna,35.0,30.0,0.3,17695.737
441.73713482122287,0.2551723584045348,42.848,37.755,trapez,mikrofibra,40.0,25.0,0.3,17766.038
491.53002654303253,0.11165197657406914,41.285,36.234,trapez,poliester,40.0,25.0,0.3,17803.835
353.3089635764567,0.015104858090805973,50.259,28.512,kwadrat,bawelna,30.0,30.0,0.3,17823.373
162.71055445662455,0.24562206884521523,33.724,2.724,trapez,wiskoza,40.0,25.0,0.3,17842.632
263.26454905224625,0.2755192626244674,27.85,20.559,trojkat,mikrofibra,35.0,30.0,0.3,17869.065
274.5030490411739,0.1670354732784564,30.533,4.872,kwadrat,mikrofibra,30.0,30.0,0.3,17871.254
415.00569647006193,0.09072585338356091,65.279,40.977,trojkat,mikrofibra,35.0,30.0,0.3,17877.485
57.89856351498301,0.2542163791714121,57.925,33.713,trapez,mikrofibra,40.0,25.0,0.3,17918.552
461.5468987318515,0.2745182197551667,39.605,2.205,trojkat,mikrofibra,35.0,30.0,0.3,17939.077
216.17634659699348,0.12072187778979351,83.509,47.42,trojkat,bawelna,35.0,30.0,0.3,17942.593
334.13851454826937,0.06045851340189385,59.625,34.311,kwadrat,poliester,30.0,30.0,0.3,18000.788
199.60527071692042,0.0984538448392836,26.147,7.972,kwadrat,mikrofibra,30.0,30.0,0.3,18042.238
216.41596519422947,0.2032594841651054,107.293,45.136,trapez,bawelna,40.0,25.0,0.3,18006.228
371.32372552015704,0.0019137130219772035,81.951,45.91,trojkat,wiskoza,35.0,30.0,0.3,18077.48
401.2842728415007,0.19857408979110344,17.016,10.378,kwadrat,bawelna,30.0,30.0,0.3,18152.793
233.19792010653242,0.09414804246732467,97.053,42.073,kwadrat,mikrofibra,30.0,30.0,0.3,18114.829
147.9503298112412,0.18027360169772583,49.222,3.734,kwadrat,mikrofibra,30.0,30.0,0.3,18166.394
315.2542952681137,0.1719126601857047,38.654,29.572,trojkat,poliester,35.0,30.0,0.3,18206.534
359.15866992645925,0.18738421443435946,110.457,40.694,trapez,bawelna,40.0,25.0,0.3,18175.425
166.95724065927476,0.17420972536628548,77.255,33.781,trapez,mikrofibra,40.0,25.0,0.3,18242.408
449.8965861194294,0.1297038679210042,102.258,37.233,trapez,mikrofibra,40.0,25.0,0.3,18254.638
485.8417992649515,0.023040914494326457,86.35,44.755,trojkat,mikrofibra,35.0,30.0,0.3,18315.301
222.9597673358607,0.19759840648193008,29.75,12.62,kwadrat,bawelna,30.0,30.0,0.3,18384.521
408.50662873611753,0.2814947185953948,17.739,8.878,kwadrat,bawelna,30.0,30.0,0.3,18405.41
485.0804749096784,0.18680686228493923,103.886,39.413,trojkat,bawelna,35.0,30.0,0.3,18358.676
477.8477184791021,0.2784546294341854,70.966,4.072,kwadrat,wiskoza,30.0,30.0,0.3,18395.668
278.11419708282557,0.2787434151635062,13.618,5.13,trojkat,wiskoza,35.0,30.0,0.3,18458.146
158.90993599139475,0.08159958160330681,97.822,34.752,trapez,bawelna,40.0,25.0,0.3,18408.694
397.005267133349,0.23257321555048477,43.142,27.674,kwadrat,poliester,30.0,30.0,0.3,18491.048
478.1434146628245,0.03780060835919828,47.162,15.145,kwadrat,mikrofibra,30.0,30.0,0.3,18502.173
407.5319950208369,0.23887243516241055,38.152,4.892,trapez,mikrofibra,40.0,25.0,0.3,18516.075
477.7066267588831,0.015072902946894638,73.842,15.587,trojkat,mikrofibra,35.0,30.0,0.3,18495.972
349.90837138707604,0.18073483258997633,53.557,26.861,kwadrat,bawelna,30.0,30.0,0.3,18543.118
369.1943728126743,0.07399758474162195,98.889,46.815,trojkat,bawelna,35.0,30.0,0.3,18544.601
466.7873307943019,0.20182938432374,115.092,45.691,trojkat,mikrofibra,35.0,30.0,0.3,18574.089
217.28268270784864,0.245092172181551,53.388,26.238,trojkat,poliester,35.0,30.0,0.3,18662.031
450.10756577300447,0.10281927762837215,87.651,39.894,kwadrat,wiskoza,30.0,30.0,0.3,18667.662
197.03414391351836,0.015388154694364675,17.017,5.893,kwadrat,wiskoza,30.0,30.0,0.3,18744.189
238.25023884602606,0.24252172166810726,29.651,25.233,kwadrat,mikrofibra,30.0,30.0,0.3,18756.788
352.0208630208599,0.00033362825885622225,101.761,29.915,trojkat,bawelna,35.0,30.0,0.3,18714.593
267.3678639015005,0.03490754554934876,95.622,30.039,kwadrat,wiskoza,30.0,30.0,0.3,18750.771
370.2752625857219,0.2854334476989276,59.517,4.165,trojkat,mikrofibra,35.0,30.0,0.3,18791.041
91.12616884929938,0.29350643611705696,52.717,1.857,kwadrat,poliester,30.0,30.0,0.3,18799.698
325.98125819932056,0.0975633588828634,62.46,36.95,kwadrat,mikrofibra,30.0,30.0,0.3,18826.905
75.97947165130275,0.297774538646329,59.863,38.386,trapez,mikrofibra,40.0,25.0,0.3,18867.888
496.0975557038993,0.07693891830502979,61.164,41.007,trapez,bawelna,40.0,25.0,0.3,18907.594
275.0507384344821,0.09908540025062532,26.415,7.003,trojkat,poliester,35.0,30.0,0.3,18949.346
358.4497474498557,0.24171435770046534,10.808,2.954,kwadrat,mikrofibra,30.0,30.0,0.3,18967.907
97.40546801659994,0.22138528421927764,28.835,5.544,trojkat,wiskoza,35.0,30.0,0.3,18955.424
84.64076017923483,0.16519901383225546,64.356,32.796,trapez,wiskoza,40.0,25.0,0.3,18952.699
280.0081126567534,0.24199951590804492,87.963,31.963,trapez,wiskoza,40.0,25.0,0.3,18961.055
244.7450958196682,0.10876793896772836,64.23,24.84,trojkat,poliester,35.0,30.0,0.3,19009.628
54.074372711166944,0.0925404844468452,70.891,26.079,trapez,mikrofibra,40.0,25.0,0.3,19029.046
485.62961542284154,0.09959145142075364,55.575,18.274,trojkat,mikrofibra,35.0,30.0,0.3,19062.636
135.54844240267744,0.1985001778887567,28.149,7.114,trapez,poliester,40.0,25.0,0.3,19097.176
411.5672344835981,0.05727797552149305,55.309,27.621,kwadrat,poliester,30.0,30.0,0.3,19097.637
440.0466595277001,0.1529562028651373,19.064,13.643,trojkat,bawelna,35.0,30.0,0.3,19147.525
457.7391772165672,0.12937016093746737,61.559,40.676,kwadrat,wiskoza,30.0,30.0,0.3,19145.706
169.51227483137274,0.13950285525792827,63.761,36.637,trapez,bawelna,40.0,25.0,0.3,19180.141
149.93414181199427,0.2622215319915555,50.06,45.35,trapez,poliester,40.0,25.0,0.3,19239.192
483.2457576139427,0.2021982624437191,59.964,23.588,trojkat,mikrofibra,35.0,30.0,0.3,19252.876
85.30511734270578,0.1340143581775561,52.48,11.737,trojkat,wiskoza,35.0,30.0,0.3,19272.097
137.85827133042142,0.03596732804181363,91.113,43.881,trojkat,mikrofibra,35.0,30.0,0.3,19277.345
80.37614600771988,0.280124826900441,17.094,10.487,trojkat,mikrofibra,35.0,30.0,0.3,19361.851
199.48596490202206,0.24805756829182593,75.724,19.655,kwadrat,bawelna,30.0,30.0,0.3,19322.876
267.7952156808862,0.27518041997330417,6.073,3.716,trapez,mikrofibra,40.0,25.0,0.3,19396.243
277.68105848071923,0.061334511739281915,69.725,21.224,trapez,bawelna,40.0,25.0,0.3,19353.815
247.6447705623728,0.2039091650500036,83.135,11.984,kwadrat,wiskoza,30.0,30.0,0.3,19352.389
76.1413784361574,0.16078052365563547,70.037,32.943,trapez,bawelna,40.0,25.0,0.3,19398.43
122.16443275388441,0.010401811267819916,92.231,42.364,trojkat,bawelna,35.0,30.0,0.3,19418.6
480.55991696792876,0.241324217903242,21.576,11.949,kwadrat,wiskoza,30.0,30.0,0.3,19501.204
186.31890753819314,0.07831455787045442,67.488,3.837,trapez,mikrofibra,40.0,25.0,0.3,19459.129
370.87072278544343,0.21221910000987831,63.252,4.617,kwadrat,wiskoza,30.0,30.0,0.3,19467.982
424.773669554722,0.2909170898393931,89.491,23.308,trojkat,poliester,35.0,30.0,0.3,19465.051
142.10604907577778,0.11392545687579524,80.411,47.373,kwadrat,wiskoza,30.0,30.0,0.3,19521.504
53.52871584736257,0.2467143633556063,37.16,7.057,trojkat,bawelna,35.0,30.0,0.3,19571.812
208.83132655356047,0.1841910918975698,73.043,3.683,kwadrat,poliester,30.0,30.0,0.3,19539.612
382.3688561595488,0.2512101239310452,28.02,17.667,trapez,bawelna,40.0,25.0,0.3,19602.302
59.86099794875403,0.1178685326679537,43.097,12.133,trapez,wiskoza,40.0,25.0,0.3,19599.358
176.4520245089211,0.08085355868768179,49.762,14.965,kwadrat,poliester,30.0,30.0,0.3,19607.658
235.38114276534588,0.16926954500536082,54.643,39.825,trapez,wiskoza,40.0,25.0,0.3,19642.602
429.2203559722497,0.06960545409264321,89.379,44.028,trojkat,mikrofibra,35.0,30.0,0.3,19651.894
73.55975908436258,0.11193678552671507,99.645,38.543,kwadrat,bawelna,30.0,30.0,0.3,19680.171
55.44640254924834,0.2535362554488104,97.872,32.983,kwadrat,wiskoza,30.0,30.0,0.3,19714.927
367.19195451952174,0.0032433250905589016,49.919,46.562,trojkat,wiskoza,35.0,30.0,0.3,19809.442
255.96482232168228,0.016004399096669307,48.852,2.0,trapez,mikrofibra,40.0,25.0,0.3,19812.509
